fecha,momento,ingrediente,dosis,estado,origen
2026-06-15,mediodia,PECHUGA,100,vacio,orig14
2026-06-15,mediodia,MUSLO,25,vacio,orig14
2026-06-15,mediodia,ARROZ,25,vacio,orig14
2026-06-15,mediodia,ZAPALLITO,25,vacio,orig14
2026-06-15,mediodia,JUREL,25,vacio,orig14
2026-06-15,mediodia,CALCIVET,,vacio,orig14
2026-06-15,mediodia,TAURINA,,vacio,orig14
2026-06-15,mediodia,FM,,vacio,orig14
2026-06-15,medianoche,PECHUGA,100,vacio,orig14
2026-06-15,medianoche,MUSLO,25,vacio,orig14
2026-06-15,medianoche,ARROZ,25,vacio,orig14
2026-06-15,medianoche,ZAPALLITO,25,vacio,orig14
2026-06-15,medianoche,CALCIVET,,vacio,orig14
2026-06-16,mediodia,PECHUGA,100,vacio,orig14
2026-06-16,mediodia,MUSLO,25,vacio,orig14
2026-06-16,mediodia,ARROZ,25,vacio,orig14
2026-06-16,mediodia,ZAPALLITO,25,vacio,orig14
2026-06-16,mediodia,JUREL,25,vacio,orig14
2026-06-16,mediodia,CALCIVET,,vacio,orig14
2026-06-16,mediodia,TAURINA,,vacio,orig14
2026-06-16,mediodia,FM,,vacio,orig14
2026-06-16,medianoche,PECHUGA,100,vacio,orig14
2026-06-16,medianoche,MUSLO,25,vacio,orig14
2026-06-16,medianoche,ARROZ,25,vacio,orig14
2026-06-16,medianoche,ZAPALLITO,25,vacio,orig14
2026-06-16,medianoche,CALCIVET,,vacio,orig14
2026-06-17,mediodia,PECHUGA,100,dado,orig14
2026-06-17,mediodia,MUSLO,25,dado,orig14
2026-06-17,mediodia,ARROZ,25,dado,orig14
2026-06-17,mediodia,ZAPALLITO,25,dado,orig14
2026-06-17,mediodia,JUREL,25,dado,orig14
2026-06-17,mediodia,CALCIVET,,dado,orig14
2026-06-17,mediodia,TAURINA,,dado,orig14
2026-06-17,mediodia,FM,,dado,orig14
2026-06-17,medianoche,PECHUGA,100,dado,orig14
2026-06-17,medianoche,MUSLO,25,dado,orig14
2026-06-17,medianoche,ARROZ,25,dado,orig14
2026-06-17,medianoche,ZAPALLITO,25,dado,orig14
2026-06-17,medianoche,CALCIVET,,dado,orig14
2026-06-18,mediodia,ROYAL_CANIN,100,dado,orig14
2026-06-18,mediodia,MUSLO,25,dado,orig14
2026-06-18,mediodia,ARROZ,25,dado,orig14
2026-06-18,mediodia,ZAPALLITO,25,dado,orig14
2026-06-18,mediodia,JUREL,25,no_dado,orig14
2026-06-18,mediodia,CALCIVET,,dado,orig14
2026-06-18,mediodia,TAURINA,,dado,orig14
2026-06-18,mediodia,FM,,dado,orig14
2026-06-18,medianoche,PECHUGA,100,dado,orig14
2026-06-18,medianoche,MUSLO,25,dado,orig14
2026-06-18,medianoche,ARROZ,25,dado,orig14
2026-06-18,medianoche,ZAPALLITO,25,dado,orig14
2026-06-18,medianoche,CALCIVET,,dado,orig14
2026-06-19,mediodia,PECHUGA,100,dado,orig14
2026-06-19,mediodia,MUSLO,25,dado,orig14
2026-06-19,mediodia,ARROZ,25,dado,orig14
2026-06-19,mediodia,ZAPALLITO,25,dado,orig14
2026-06-19,mediodia,JUREL,25,dado,orig14
2026-06-19,mediodia,CALCIVET,,dado,orig14
2026-06-19,mediodia,TAURINA,,dado,orig14
2026-06-19,mediodia,FM,,dado,orig14
2026-06-19,medianoche,PECHUGA,100,dado,orig14
2026-06-19,medianoche,MUSLO,25,dado,orig14
2026-06-19,medianoche,ARROZ,25,dado,orig14
2026-06-19,medianoche,ZAPALLITO,25,dado,orig14
2026-06-19,medianoche,CALCIVET,,dado,orig14
2026-06-20,mediodia,PECHUGA,100,dado,orig14
2026-06-20,mediodia,MUSLO,25,dado,orig14
2026-06-20,mediodia,ARROZ,25,dado,orig14
2026-06-20,mediodia,ZAPALLITO,25,dado,orig14
2026-06-20,mediodia,JUREL,25,no_dado,orig14
2026-06-20,mediodia,CALCIVET,,dado,orig14
2026-06-20,mediodia,TAURINA,,dado,orig14
2026-06-20,mediodia,FM,,dado,orig14
2026-06-20,medianoche,PECHUGA,100,dado,orig14
2026-06-20,medianoche,MUSLO,25,dado,orig14
2026-06-20,medianoche,ARROZ,25,dado,orig14
2026-06-20,medianoche,ZAPALLITO,25,dado,orig14
2026-06-20,medianoche,CALCIVET,,dado,orig14
2026-06-21,mediodia,PECHUGA,100,dado,orig14
2026-06-21,mediodia,MUSLO,25,dado,orig14
2026-06-21,mediodia,ARROZ,25,dado,orig14
2026-06-21,mediodia,ZAPALLITO,25,dado,orig14
2026-06-21,mediodia,JUREL,25,dado,orig14
2026-06-21,mediodia,CALCIVET,,dado,orig14
2026-06-21,mediodia,TAURINA,,dado,orig14
2026-06-21,mediodia,FM,,dado,orig14
2026-06-21,medianoche,PECHUGA,100,dado,orig14
2026-06-21,medianoche,MUSLO,25,dado,orig14
2026-06-21,medianoche,ARROZ,25,dado,orig14
2026-06-21,medianoche,ZAPALLITO,25,dado,orig14
2026-06-21,medianoche,CALCIVET,,dado,orig14
2026-06-22,mediodia,PECHUGA,100,dado,orig16
2026-06-22,mediodia,MUSLO,25,dado,orig16
2026-06-22,mediodia,ARROZ,25,dado,orig16
2026-06-22,mediodia,ZAPALLITO,25,dado,orig16
2026-06-22,mediodia,JUREL,25,no_dado,orig16
2026-06-22,mediodia,CALCIVET,,dado,orig16
2026-06-22,mediodia,TAURINA,,dado,orig16
2026-06-22,mediodia,FM,,dado,orig16
2026-06-22,medianoche,PECHUGA,100,dado,orig16
2026-06-22,medianoche,MUSLO,25,dado,orig16
2026-06-22,medianoche,ARROZ,25,dado,orig16
2026-06-22,medianoche,ZAPALLITO,25,dado,orig16
2026-06-22,medianoche,CALCIVET,,dado,orig16
2026-06-23,mediodia,PECHUGA,100,dado,orig16
2026-06-23,mediodia,MUSLO,25,dado,orig16
2026-06-23,mediodia,ARROZ,25,dado,orig16
2026-06-23,mediodia,ZAPALLITO,25,dado,orig16
2026-06-23,mediodia,JUREL,25,dado,orig16
2026-06-23,mediodia,CALCIVET,,dado,orig16
2026-06-23,mediodia,TAURINA,,dado,orig16
2026-06-23,mediodia,FM,,dado,orig16
2026-06-23,medianoche,PECHUGA,100,dado,orig16
2026-06-23,medianoche,MUSLO,25,dado,orig16
2026-06-23,medianoche,ARROZ,25,dado,orig16
2026-06-23,medianoche,ZAPALLITO,25,dado,orig16
2026-06-23,medianoche,CALCIVET,,dado,orig16
2026-06-24,mediodia,PECHUGA,100,dado,orig16
2026-06-24,mediodia,MUSLO,25,dado,orig16
2026-06-24,mediodia,ARROZ,25,dado,orig16
2026-06-24,mediodia,ZAPALLITO,25,dado,orig16
2026-06-24,mediodia,JUREL,25,no_dado,orig16
2026-06-24,mediodia,CALCIVET,,dado,orig16
2026-06-24,mediodia,TAURINA,,dado,orig16
2026-06-24,mediodia,FM,,dado,orig16
2026-06-24,medianoche,PECHUGA,100,dado,orig16
2026-06-24,medianoche,MUSLO,25,dado,orig16
2026-06-24,medianoche,ARROZ,25,dado,orig16
2026-06-24,medianoche,ZAPALLITO,25,dado,orig16
2026-06-24,medianoche,CALCIVET,,dado,orig16
2026-06-25,mediodia,PECHUGA,100,dado,orig16
2026-06-25,mediodia,MUSLO,25,dado,orig16
2026-06-25,mediodia,ARROZ,25,dado,orig16
2026-06-25,mediodia,ZAPALLITO,25,dado,orig16
2026-06-25,mediodia,JUREL,25,dado,orig16
2026-06-25,mediodia,CALCIVET,,dado,orig16
2026-06-25,mediodia,TAURINA,,dado,orig16
2026-06-25,mediodia,FM,,dado,orig16
2026-06-25,medianoche,PECHUGA,100,dado,orig16
2026-06-25,medianoche,MUSLO,25,dado,orig16
2026-06-25,medianoche,ARROZ,25,dado,orig16
2026-06-25,medianoche,ZAPALLITO,25,dado,orig16
2026-06-25,medianoche,CALCIVET,,dado,orig16
2026-06-26,mediodia,PECHUGA,100,dado,orig16
2026-06-26,mediodia,MUSLO,25,dado,orig16
2026-06-26,mediodia,ARROZ,25,dado,orig16
2026-06-26,mediodia,ZAPALLITO,25,dado,orig16
2026-06-26,mediodia,JUREL,25,no_dado,orig16
2026-06-26,mediodia,CALCIVET,,dado,orig16
2026-06-26,mediodia,TAURINA,,dado,orig16
2026-06-26,mediodia,FM,,dado,orig16
2026-06-26,medianoche,PECHUGA,100,dado,orig16
2026-06-26,medianoche,MUSLO,25,dado,orig16
2026-06-26,medianoche,ARROZ,25,dado,orig16
2026-06-26,medianoche,ZAPALLITO,25,dado,orig16
2026-06-26,medianoche,CALCIVET,,dado,orig16
2026-06-27,mediodia,PECHUGA,100,dado,orig16
2026-06-27,mediodia,MUSLO,25,dado,orig16
2026-06-27,mediodia,ARROZ,25,dado,orig16
2026-06-27,mediodia,ZAPALLITO,25,dado,orig16
2026-06-27,mediodia,JUREL,25,dado,orig16
2026-06-27,mediodia,CALCIVET,,dado,orig16
2026-06-27,mediodia,TAURINA,,dado,orig16
2026-06-27,mediodia,FM,,dado,orig16
2026-06-27,medianoche,PECHUGA,100,dado,orig16
2026-06-27,medianoche,MUSLO,25,dado,orig16
2026-06-27,medianoche,ARROZ,25,dado,orig16
2026-06-27,medianoche,ZAPALLITO,25,dado,orig16
2026-06-27,medianoche,CALCIVET,,dado,orig16
2026-06-28,mediodia,PECHUGA,100,dado,orig16
2026-06-28,mediodia,MUSLO,25,dado,orig16
2026-06-28,mediodia,ARROZ,25,dado,orig16
2026-06-28,mediodia,ZAPALLITO,25,dado,orig16
2026-06-28,mediodia,JUREL,25,no_dado,orig16
2026-06-28,mediodia,CALCIVET,,dado,orig16
2026-06-28,mediodia,TAURINA,,dado,orig16
2026-06-28,mediodia,FM,,dado,orig16
2026-06-28,medianoche,PECHUGA,100,dado,orig16
2026-06-28,medianoche,MUSLO,25,dado,orig16
2026-06-28,medianoche,ARROZ,25,dado,orig16
2026-06-28,medianoche,ZAPALLITO,25,dado,orig16
2026-06-28,medianoche,CALCIVET,,dado,orig16
2026-06-29,mediodia,PECHUGA,100,dado,orig18
2026-06-29,mediodia,MUSLO,25,dado,orig18
2026-06-29,mediodia,ARROZ,25,dado,orig18
2026-06-29,mediodia,ZAPALLITO,25,dado,orig18
2026-06-29,mediodia,JUREL,25,dado,orig18
2026-06-29,mediodia,CALCIVET,,dado,orig18
2026-06-29,mediodia,TAURINA,,dado,orig18
2026-06-29,mediodia,FM,,dado,orig18
2026-06-29,medianoche,PECHUGA,100,dado,orig18
2026-06-29,medianoche,MUSLO,25,dado,orig18
2026-06-29,medianoche,ARROZ,25,dado,orig18
2026-06-29,medianoche,ZAPALLITO,25,dado,orig18
2026-06-29,medianoche,CALCIVET,,dado,orig18
2026-06-30,mediodia,PECHUGA,100,dado,orig18
2026-06-30,mediodia,MUSLO,25,dado,orig18
2026-06-30,mediodia,ARROZ,25,dado,orig18
2026-06-30,mediodia,ZAPALLITO,25,dado,orig18
2026-06-30,mediodia,JUREL,25,no_dado,orig18
2026-06-30,mediodia,CALCIVET,,dado,orig18
2026-06-30,mediodia,TAURINA,,dado,orig18
2026-06-30,mediodia,FM,,dado,orig18
2026-06-30,medianoche,PECHUGA,100,dado,orig18
2026-06-30,medianoche,MUSLO,25,dado,orig18
2026-06-30,medianoche,ARROZ,25,no_dado,orig18
2026-06-30,medianoche,ZAPALLITO,25,dado,orig18
2026-06-30,medianoche,CALCIVET,,dado,orig18
2026-07-01,mediodia,PECHUGA,100,dado,orig18
2026-07-01,mediodia,MUSLO,25,dado,orig18
2026-07-01,mediodia,ARROZ,25,no_dado,orig18
2026-07-01,mediodia,ZAPALLITO,25,dado,orig18
2026-07-01,mediodia,JUREL,25,dado,orig18
2026-07-01,mediodia,CALCIVET,,dado,orig18
2026-07-01,mediodia,TAURINA,,dado,orig18
2026-07-01,mediodia,FM,,dado,orig18
2026-07-01,medianoche,PECHUGA,100,dado,orig18
2026-07-01,medianoche,MUSLO,25,dado,orig18
2026-07-01,medianoche,ARROZ,25,no_dado,orig18
2026-07-01,medianoche,ZAPALLITO,25,dado,orig18
2026-07-01,medianoche,CALCIVET,,dado,orig18
2026-07-02,mediodia,PECHUGA,100,dado,orig18
2026-07-02,mediodia,MUSLO,25,dado,orig18
2026-07-02,mediodia,ARROZ,25,dado,orig18
2026-07-02,mediodia,ZAPALLITO,25,dado,orig18
2026-07-02,mediodia,JUREL,25,no_dado,orig18
2026-07-02,mediodia,CALCIVET,,dado,orig18
2026-07-02,mediodia,TAURINA,,dado,orig18
2026-07-02,mediodia,FM,,dado,orig18
2026-07-02,medianoche,PECHUGA,100,dado,orig18
2026-07-02,medianoche,MUSLO,25,dado,orig18
2026-07-02,medianoche,ARROZ,25,dado,orig18
2026-07-02,medianoche,ZAPALLITO,25,dado,orig18
2026-07-02,medianoche,CALCIVET,,dado,orig18
2026-07-03,mediodia,PECHUGA,100,dado,orig18
2026-07-03,mediodia,MUSLO,25,dado,orig18
2026-07-03,mediodia,ARROZ,25,dado,orig18
2026-07-03,mediodia,ZAPALLITO,25,dado,orig18
2026-07-03,mediodia,JUREL,25,dado,orig18
2026-07-03,mediodia,CALCIVET,,dado,orig18
2026-07-03,mediodia,TAURINA,,dado,orig18
2026-07-03,mediodia,FM,,dado,orig18
2026-07-03,medianoche,PECHUGA,100,dado,orig18
2026-07-03,medianoche,MUSLO,25,dado,orig18
2026-07-03,medianoche,ARROZ,25,dado,orig18
2026-07-03,medianoche,ZAPALLITO,25,dado,orig18
2026-07-03,medianoche,CALCIVET,,dado,orig18
2026-07-04,mediodia,PECHUGA,100,dado,orig18
2026-07-04,mediodia,MUSLO,25,dado,orig18
2026-07-04,mediodia,ARROZ,25,dado,orig18
2026-07-04,mediodia,ZAPALLITO,25,dado,orig18
2026-07-04,mediodia,JUREL,25,no_dado,orig18
2026-07-04,mediodia,CALCIVET,,dado,orig18
2026-07-04,mediodia,TAURINA,,dado,orig18
2026-07-04,mediodia,FM,,dado,orig18
2026-07-04,medianoche,PECHUGA,100,dado,orig18
2026-07-04,medianoche,MUSLO,25,dado,orig18
2026-07-04,medianoche,ARROZ,25,dado,orig18
2026-07-04,medianoche,ZAPALLITO,25,dado,orig18
2026-07-04,medianoche,CALCIVET,,dado,orig18
2026-07-05,mediodia,PECHUGA,100,dado,orig18
2026-07-05,mediodia,MUSLO,25,dado,orig18
2026-07-05,mediodia,ARROZ,25,dado,orig18
2026-07-05,mediodia,ZAPALLITO,25,dado,orig18
2026-07-05,mediodia,JUREL,25,dado,orig18
2026-07-05,mediodia,CALCIVET,,dado,orig18
2026-07-05,mediodia,TAURINA,,dado,orig18
2026-07-05,mediodia,FM,,dado,orig18
2026-07-05,medianoche,PECHUGA,100,dado,orig18
2026-07-05,medianoche,MUSLO,25,dado,orig18
2026-07-05,medianoche,ARROZ,25,dado,orig18
2026-07-05,medianoche,ZAPALLITO,25,dado,orig18
2026-07-05,medianoche,CALCIVET,,dado,orig18
2026-07-06,mediodia,PECHUGA,100,dado,orig20
2026-07-06,mediodia,MUSLO,25,dado,orig20
2026-07-06,mediodia,ARROZ,25,dado,orig20
2026-07-06,mediodia,ZAPALLITO,25,dado,orig20
2026-07-06,mediodia,CALCIVET,,dado,orig20
2026-07-06,mediodia,TAURINA,,dado,orig20
2026-07-06,mediodia,FM,,dado,orig20
2026-07-06,mediodia,JUREL,25,no_dado,orig20
2026-07-06,medianoche,PECHUGA,100,dado,orig20
2026-07-06,medianoche,MUSLO,25,dado,orig20
2026-07-06,medianoche,ZAPALLITO,25,dado,orig20
2026-07-06,medianoche,CALCIVET,,dado,orig20
2026-07-06,medianoche,ARROZ,25,dado,orig20
2026-07-07,mediodia,PECHUGA,100,dado,orig20
2026-07-07,mediodia,MUSLO,25,dado,orig20
2026-07-07,mediodia,ARROZ,25,dado,orig20
2026-07-07,mediodia,ZAPALLITO,25,dado,orig20
2026-07-07,mediodia,CALCIVET,,dado,orig20
2026-07-07,mediodia,TAURINA,,dado,orig20
2026-07-07,mediodia,FM,,dado,orig20
2026-07-07,mediodia,JUREL,25,dado,orig20
2026-07-07,medianoche,PECHUGA,100,dado,orig20
2026-07-07,medianoche,MUSLO,25,dado,orig20
2026-07-07,medianoche,ZAPALLITO,25,dado,orig20
2026-07-07,medianoche,CALCIVET,,dado,orig20
2026-07-07,medianoche,ARROZ,25,dado,orig20
2026-07-08,mediodia,PECHUGA,100,dado,orig20
2026-07-08,mediodia,MUSLO,25,dado,orig20
2026-07-08,mediodia,ARROZ,25,dado,orig20
2026-07-08,mediodia,ZAPALLITO,25,dado,orig20
2026-07-08,mediodia,CALCIVET,,dado,orig20
2026-07-08,mediodia,TAURINA,,dado,orig20
2026-07-08,mediodia,FM,,dado,orig20
2026-07-08,mediodia,JUREL,25,no_dado,orig20
2026-07-08,medianoche,PECHUGA,100,dado,orig20
2026-07-08,medianoche,MUSLO,25,dado,orig20
2026-07-08,medianoche,ZAPALLITO,25,dado,orig20
2026-07-08,medianoche,CALCIVET,,dado,orig20
2026-07-08,medianoche,ARROZ,25,dado,orig20
2026-07-09,mediodia,PECHUGA,100,dado,orig20
2026-07-09,mediodia,MUSLO,25,dado,orig20
2026-07-09,mediodia,ARROZ,25,dado,orig20
2026-07-09,mediodia,ZAPALLITO,25,dado,orig20
2026-07-09,mediodia,CALCIVET,,dado,orig20
2026-07-09,mediodia,TAURINA,,dado,orig20
2026-07-09,mediodia,FM,,dado,orig20
2026-07-09,mediodia,JUREL,25,dado,orig20
2026-07-09,medianoche,PECHUGA,100,dado,orig20
2026-07-09,medianoche,MUSLO,25,dado,orig20
2026-07-09,medianoche,ZAPALLITO,25,dado,orig20
2026-07-09,medianoche,CALCIVET,,dado,orig20
2026-07-09,medianoche,ARROZ,25,dado,orig20
2026-07-10,mediodia,PECHUGA,100,dado,orig20
2026-07-10,mediodia,MUSLO,25,dado,orig20
2026-07-10,mediodia,ARROZ,25,dado,orig20
2026-07-10,mediodia,ZAPALLITO,25,dado,orig20
2026-07-10,mediodia,CALCIVET,,dado,orig20
2026-07-10,mediodia,TAURINA,,dado,orig20
2026-07-10,mediodia,FM,,dado,orig20
2026-07-10,mediodia,JUREL,25,no_dado,orig20
2026-07-10,medianoche,PECHUGA,100,dado,orig20
2026-07-10,medianoche,MUSLO,25,dado,orig20
2026-07-10,medianoche,ZAPALLITO,25,dado,orig20
2026-07-10,medianoche,CALCIVET,,dado,orig20
2026-07-10,medianoche,ARROZ,25,no_dado,orig20
2026-07-11,mediodia,PECHUGA,100,dado,orig20
2026-07-11,mediodia,MUSLO,25,dado,orig20
2026-07-11,mediodia,ARROZ,25,dado,orig20
2026-07-11,mediodia,ZAPALLITO,25,dado,orig20
2026-07-11,mediodia,CALCIVET,,dado,orig20
2026-07-11,mediodia,TAURINA,,dado,orig20
2026-07-11,mediodia,FM,,dado,orig20
2026-07-11,mediodia,JUREL,25,dado,orig20
2026-07-11,medianoche,PECHUGA,100,dado,orig20
2026-07-11,medianoche,MUSLO,25,dado,orig20
2026-07-11,medianoche,ZAPALLITO,25,dado,orig20
2026-07-11,medianoche,CALCIVET,,dado,orig20
2026-07-11,medianoche,ARROZ,25,dado,orig20
2026-07-12,mediodia,PECHUGA,100,dado,orig20
2026-07-12,mediodia,MUSLO,25,dado,orig20
2026-07-12,mediodia,ARROZ,25,dado,orig20
2026-07-12,mediodia,ZAPALLITO,25,dado,orig20
2026-07-12,mediodia,CALCIVET,,dado,orig20
2026-07-12,mediodia,TAURINA,,dado,orig20
2026-07-12,mediodia,FM,,dado,orig20
2026-07-12,mediodia,JUREL,25,no_dado,orig20
2026-07-12,medianoche,PECHUGA,100,dado,orig20
2026-07-12,medianoche,MUSLO,25,dado,orig20
2026-07-12,medianoche,ZAPALLITO,25,dado,orig20
2026-07-12,medianoche,CALCIVET,,dado,orig20
2026-07-12,medianoche,ARROZ,25,dado,orig20
2026-07-13,mediodia,PECHUGA,100,dado,orig22
2026-07-13,mediodia,MUSLO,25,dado,orig22
2026-07-13,mediodia,ARROZ,25,dado,orig22
2026-07-13,mediodia,ZAPALLITO,25,dado,orig22
2026-07-13,mediodia,JUREL,25,dado,orig22
2026-07-13,mediodia,CALCIVET,"0,5",dado,orig22
2026-07-13,mediodia,TAURINA,"0,250",dado,orig22
2026-07-13,mediodia,FM,1,dado,orig22
2026-07-13,medianoche,PECHUGA,100,dado,orig22
2026-07-13,medianoche,MUSLO,25,dado,orig22
2026-07-13,medianoche,ARROZ,25,no_dado,orig22
2026-07-13,medianoche,ZAPALLITO,25,dado,orig22
2026-07-13,medianoche,CALCIVET,"0,5",dado,orig22
2026-07-14,mediodia,PECHUGA,100,dado,orig22
2026-07-14,mediodia,MUSLO,25,dado,orig22
2026-07-14,mediodia,ARROZ,25,dado,orig22
2026-07-14,mediodia,ZAPALLITO,25,dado,orig22
2026-07-14,mediodia,JUREL,25,no_dado,orig22
2026-07-14,mediodia,CALCIVET,"0,5",dado,orig22
2026-07-14,mediodia,TAURINA,"0,250",dado,orig22
2026-07-14,mediodia,FM,1,dado,orig22
2026-07-14,medianoche,PECHUGA,100,dado,orig22
2026-07-14,medianoche,MUSLO,25,dado,orig22
2026-07-14,medianoche,ARROZ,25,dado,orig22
2026-07-14,medianoche,ZAPALLITO,25,dado,orig22
2026-07-14,medianoche,CALCIVET,"0,5",dado,orig22
2026-07-15,mediodia,PECHUGA,100,dado,orig22
2026-07-15,mediodia,MUSLO,25,dado,orig22
2026-07-15,mediodia,ARROZ,25,dado,orig22
2026-07-15,mediodia,ZAPALLITO,25,dado,orig22
2026-07-15,mediodia,JUREL,25,dado,orig22
2026-07-15,mediodia,CALCIVET,"0,5",dado,orig22
2026-07-15,mediodia,TAURINA,"0,250",dado,orig22
2026-07-15,mediodia,FM,1,dado,orig22
2026-07-15,medianoche,PECHUGA,100,dado,orig22
2026-07-15,medianoche,MUSLO,25,dado,orig22
2026-07-15,medianoche,ARROZ,25,dado,orig22
2026-07-15,medianoche,ZAPALLITO,25,dado,orig22
2026-07-15,medianoche,CALCIVET,"0,5",dado,orig22
2026-07-16,mediodia,PECHUGA,100,dado,orig22
2026-07-16,mediodia,MUSLO,25,dado,orig22
2026-07-16,mediodia,ARROZ,25,dado,orig22
2026-07-16,mediodia,ZAPALLITO,25,dado,orig22
2026-07-16,mediodia,JUREL,25,no_dado,orig22
2026-07-16,mediodia,CALCIVET,"0,5",dado,orig22
2026-07-16,mediodia,TAURINA,"0,250",dado,orig22
2026-07-16,mediodia,FM,1,dado,orig22
2026-07-16,medianoche,PECHUGA,100,dado,orig22
2026-07-16,medianoche,MUSLO,25,dado,orig22
2026-07-16,medianoche,ARROZ,25,dado,orig22
2026-07-16,medianoche,ZAPALLITO,25,dado,orig22
2026-07-16,medianoche,CALCIVET,"0,5",dado,orig22
2026-07-17,mediodia,PECHUGA,100,dado,orig22
2026-07-17,mediodia,MUSLO,25,dado,orig22
2026-07-17,mediodia,ARROZ,25,dado,orig22
2026-07-17,mediodia,ZAPALLITO,25,dado,orig22
2026-07-17,mediodia,JUREL,25,dado,orig22
2026-07-17,mediodia,CALCIVET,"0,5",dado,orig22
2026-07-17,mediodia,TAURINA,"0,250",dado,orig22
2026-07-17,mediodia,FM,1,dado,orig22
2026-07-17,medianoche,PECHUGA,100,dado,orig22
2026-07-17,medianoche,MUSLO,25,dado,orig22
2026-07-17,medianoche,ARROZ,25,dado,orig22
2026-07-17,medianoche,ZAPALLITO,25,dado,orig22
2026-07-17,medianoche,CALCIVET,"0,5",dado,orig22
2026-07-18,mediodia,PECHUGA,100,dado,orig22
2026-07-18,mediodia,MUSLO,25,dado,orig22
2026-07-18,mediodia,ARROZ,25,dado,orig22
2026-07-18,mediodia,ZAPALLITO,25,dado,orig22
2026-07-18,mediodia,JUREL,25,no_dado,orig22
2026-07-18,mediodia,CALCIVET,"0,5",dado,orig22
2026-07-18,mediodia,TAURINA,"0,250",dado,orig22
2026-07-18,mediodia,FM,1,dado,orig22
2026-07-18,medianoche,PECHUGA,100,dado,orig22
2026-07-18,medianoche,MUSLO,25,dado,orig22
2026-07-18,medianoche,ARROZ,25,dado,orig22
2026-07-18,medianoche,ZAPALLITO,25,dado,orig22
2026-07-18,medianoche,CALCIVET,"0,5",dado,orig22
2026-07-19,mediodia,PECHUGA,100,dado,orig22
2026-07-19,mediodia,MUSLO,25,dado,orig22
2026-07-19,mediodia,ARROZ,25,dado,orig22
2026-07-19,mediodia,ZAPALLITO,25,dado,orig22
2026-07-19,mediodia,JUREL,25,dado,orig22
2026-07-19,mediodia,CALCIVET,"0,5",dado,orig22
2026-07-19,mediodia,TAURINA,"0,250",dado,orig22
2026-07-19,mediodia,FM,1,dado,orig22
2026-07-19,medianoche,PECHUGA,100,dado,orig22
2026-07-19,medianoche,MUSLO,25,dado,orig22
2026-07-19,medianoche,ARROZ,25,dado,orig22
2026-07-19,medianoche,ZAPALLITO,25,dado,orig22
2026-07-19,medianoche,CALCIVET,"0,5",dado,orig22
2026-07-20,mediodia,PECHUGA,100,dado,orig24
2026-07-20,mediodia,MUSLO,25,dado,orig24
2026-07-20,mediodia,ZAPALLITO,25,dado,orig24
2026-07-20,mediodia,ARROZ,25,dado,orig24
2026-07-20,mediodia,JUREL,25,no_dado,orig24
2026-07-20,mediodia,CALCIVET,"0,5",dado,orig24
2026-07-20,mediodia,TAURINA,"0,25",dado,orig24
2026-07-20,mediodia,FM,1,dado,orig24
2026-07-20,medianoche,PECHUGA,100,dado,orig24
2026-07-20,medianoche,MUSLO,25,dado,orig24
2026-07-20,medianoche,ZAPALLITO,25,dado,orig24
2026-07-20,medianoche,ARROZ,25,dado,orig24
2026-07-20,medianoche,CALCIVET,"0,5",dado,orig24
2026-07-21,mediodia,PECHUGA,100,dado,orig24
2026-07-21,mediodia,MUSLO,25,dado,orig24
2026-07-21,mediodia,ZAPALLITO,25,dado,orig24
2026-07-21,mediodia,ARROZ,25,dado,orig24
2026-07-21,mediodia,JUREL,25,dado,orig24
2026-07-21,mediodia,CALCIVET,"0,5",dado,orig24
2026-07-21,mediodia,TAURINA,"0,25",dado,orig24
2026-07-21,mediodia,FM,1,dado,orig24
2026-07-21,medianoche,PECHUGA,100,dado,orig24
2026-07-21,medianoche,MUSLO,25,dado,orig24
2026-07-21,medianoche,ZAPALLITO,25,dado,orig24
2026-07-21,medianoche,ARROZ,25,dado,orig24
2026-07-21,medianoche,CALCIVET,"0,5",dado,orig24
2026-07-22,mediodia,PECHUGA,100,dado,orig24
2026-07-22,mediodia,MUSLO,25,dado,orig24
2026-07-22,mediodia,ZAPALLITO,25,dado,orig24
2026-07-22,mediodia,ARROZ,25,dado,orig24
2026-07-22,mediodia,JUREL,25,no_dado,orig24
2026-07-22,mediodia,CALCIVET,"0,5",dado,orig24
2026-07-22,mediodia,TAURINA,"0,25",dado,orig24
2026-07-22,mediodia,FM,1,dado,orig24
2026-07-22,medianoche,PECHUGA,100,dado,orig24
2026-07-22,medianoche,MUSLO,25,dado,orig24
2026-07-22,medianoche,ZAPALLITO,25,dado,orig24
2026-07-22,medianoche,ARROZ,25,dado,orig24
2026-07-22,medianoche,CALCIVET,"0,5",dado,orig24
2026-07-23,mediodia,PECHUGA,100,dado,orig24
2026-07-23,mediodia,MUSLO,25,dado,orig24
2026-07-23,mediodia,ZAPALLITO,25,dado,orig24
2026-07-23,mediodia,ARROZ,25,dado,orig24
2026-07-23,mediodia,JUREL,25,dado,orig24
2026-07-23,mediodia,CALCIVET,"0,5",dado,orig24
2026-07-23,mediodia,TAURINA,"0,25",dado,orig24
2026-07-23,mediodia,FM,1,dado,orig24
2026-07-23,medianoche,PECHUGA,100,dado,orig24
2026-07-23,medianoche,MUSLO,25,dado,orig24
2026-07-23,medianoche,ZAPALLITO,25,dado,orig24
2026-07-23,medianoche,ARROZ,25,dado,orig24
2026-07-23,medianoche,CALCIVET,"0,5",dado,orig24
2026-07-24,mediodia,PECHUGA,100,dado,orig24
2026-07-24,mediodia,MUSLO,25,dado,orig24
2026-07-24,mediodia,ZAPALLITO,25,dado,orig24
2026-07-24,mediodia,ARROZ,25,dado,orig24
2026-07-24,mediodia,JUREL,25,no_dado,orig24
2026-07-24,mediodia,CALCIVET,"0,5",dado,orig24
2026-07-24,mediodia,TAURINA,"0,25",dado,orig24
2026-07-24,mediodia,FM,1,dado,orig24
2026-07-24,medianoche,PECHUGA,100,dado,orig24
2026-07-24,medianoche,MUSLO,25,dado,orig24
2026-07-24,medianoche,ZAPALLITO,25,dado,orig24
2026-07-24,medianoche,ARROZ,25,dado,orig24
2026-07-24,medianoche,CALCIVET,"0,5",dado,orig24
2026-07-25,mediodia,PECHUGA,100,dado,orig24
2026-07-25,mediodia,MUSLO,25,dado,orig24
2026-07-25,mediodia,ZAPALLITO,25,dado,orig24
2026-07-25,mediodia,ARROZ,25,dado,orig24
2026-07-25,mediodia,JUREL,25,dado,orig24
2026-07-25,mediodia,CALCIVET,"0,5",dado,orig24
2026-07-25,mediodia,TAURINA,"0,25",no_dado,orig24
2026-07-25,mediodia,FM,1,dado,orig24
2026-07-25,medianoche,PECHUGA,100,dado,orig24
2026-07-25,medianoche,MUSLO,25,dado,orig24
2026-07-25,medianoche,ZAPALLITO,25,dado,orig24
2026-07-25,medianoche,ARROZ,25,dado,orig24
2026-07-25,medianoche,CALCIVET,"0,5",dado,orig24
2026-07-26,mediodia,PECHUGA,100,dado,orig24
2026-07-26,mediodia,MUSLO,25,dado,orig24
2026-07-26,mediodia,ZAPALLITO,25,dado,orig24
2026-07-26,mediodia,ARROZ,25,dado,orig24
2026-07-26,mediodia,JUREL,25,no_dado,orig24
2026-07-26,mediodia,CALCIVET,"0,5",dado,orig24
2026-07-26,mediodia,TAURINA,"0,25",dado,orig24
2026-07-26,mediodia,FM,1,no_dado,orig24
2026-07-26,medianoche,PECHUGA,100,dado,orig24
2026-07-26,medianoche,MUSLO,25,dado,orig24
2026-07-26,medianoche,ZAPALLITO,25,dado,orig24
2026-07-26,medianoche,ARROZ,25,dado,orig24
2026-07-26,medianoche,CALCIVET,"0,5",dado,orig24
2026-07-27,mediodia,PECHUGA,100,dado,orig26
2026-07-27,mediodia,MUSLO,25,dado,orig26
2026-07-27,mediodia,ZAPALLITO,25,dado,orig26
2026-07-27,mediodia,ARROZ,25,dado,orig26
2026-07-27,mediodia,JUREL,25,dado,orig26
2026-07-27,mediodia,CALCIVET,"0,5",dado,orig26
2026-07-27,mediodia,TAURINA,"0,25",dado,orig26
2026-07-27,mediodia,FM,1,no_dado,orig26
2026-07-27,medianoche,PECHUGA,100,dado,orig26
2026-07-27,medianoche,MUSLO,25,dado,orig26
2026-07-27,medianoche,ZAPALLITO,25,dado,orig26
2026-07-27,medianoche,ARROZ,25,dado,orig26
2026-07-27,medianoche,CALCIVET,"0,5",dado,orig26
2026-07-28,mediodia,PECHUGA,100,dado,orig26
2026-07-28,mediodia,MUSLO,25,dado,orig26
2026-07-28,mediodia,ZAPALLITO,25,dado,orig26
2026-07-28,mediodia,ARROZ,25,dado,orig26
2026-07-28,mediodia,JUREL,25,no_dado,orig26
2026-07-28,mediodia,CALCIVET,"0,5",dado,orig26
2026-07-28,mediodia,TAURINA,"0,25",dado,orig26
2026-07-28,mediodia,FM,1,no_dado,orig26
2026-07-28,medianoche,PECHUGA,100,dado,orig26
2026-07-28,medianoche,MUSLO,25,dado,orig26
2026-07-28,medianoche,ZAPALLITO,25,dado,orig26
2026-07-28,medianoche,ARROZ,25,dado,orig26
2026-07-28,medianoche,CALCIVET,"0,5",dado,orig26
2026-07-29,mediodia,PECHUGA,100,dado,orig26
2026-07-29,mediodia,MUSLO,25,dado,orig26
2026-07-29,mediodia,ZAPALLITO,25,dado,orig26
2026-07-29,mediodia,ARROZ,25,dado,orig26
2026-07-29,mediodia,JUREL,25,dado,orig26
2026-07-29,mediodia,CALCIVET,"0,5",dado,orig26
2026-07-29,mediodia,TAURINA,"0,25",dado,orig26
2026-07-29,mediodia,FM,1,no_dado,orig26
2026-07-29,medianoche,PECHUGA,100,dado,orig26
2026-07-29,medianoche,MUSLO,25,dado,orig26
2026-07-29,medianoche,ZAPALLITO,25,dado,orig26
2026-07-29,medianoche,ARROZ,25,dado,orig26
2026-07-29,medianoche,CALCIVET,"0,5",dado,orig26
2026-07-30,mediodia,PECHUGA,100,dado,orig26
2026-07-30,mediodia,MUSLO,25,dado,orig26
2026-07-30,mediodia,ZAPALLITO,25,dado,orig26
2026-07-30,mediodia,ARROZ,25,dado,orig26
2026-07-30,mediodia,JUREL,25,no_dado,orig26
2026-07-30,mediodia,CALCIVET,"0,5",dado,orig26
2026-07-30,mediodia,TAURINA,"0,25",dado,orig26
2026-07-30,mediodia,FM,1,no_dado,orig26
2026-07-30,medianoche,PECHUGA,100,dado,orig26
2026-07-30,medianoche,MUSLO,25,dado,orig26
2026-07-30,medianoche,ZAPALLITO,25,dado,orig26
2026-07-30,medianoche,ARROZ,25,dado,orig26
2026-07-30,medianoche,CALCIVET,"0,5",dado,orig26
2026-07-31,mediodia,PECHUGA,100,dado,orig26
2026-07-31,mediodia,MUSLO,25,dado,orig26
2026-07-31,mediodia,ZAPALLITO,25,dado,orig26
2026-07-31,mediodia,ARROZ,25,dado,orig26
2026-07-31,mediodia,JUREL,25,dado,orig26
2026-07-31,mediodia,CALCIVET,"0,5",dado,orig26
2026-07-31,mediodia,TAURINA,"0,25",dado,orig26
2026-07-31,mediodia,FM,1,no_dado,orig26
2026-07-31,medianoche,PECHUGA,100,dado,orig26
2026-07-31,medianoche,MUSLO,25,dado,orig26
2026-07-31,medianoche,ZAPALLITO,25,dado,orig26
2026-07-31,medianoche,ARROZ,25,dado,orig26
2026-07-31,medianoche,CALCIVET,"0,5",dado,orig26
2026-08-01,mediodia,PECHUGA,100,dado,orig26
2026-08-01,mediodia,MUSLO,25,dado,orig26
2026-08-01,mediodia,ZAPALLITO,25,dado,orig26
2026-08-01,mediodia,ARROZ,25,dado,orig26
2026-08-01,mediodia,JUREL,25,no_dado,orig26
2026-08-01,mediodia,CALCIVET,"0,5",dado,orig26
2026-08-01,mediodia,TAURINA,"0,25",dado,orig26
2026-08-01,mediodia,FM,1,no_dado,orig26
2026-08-01,medianoche,PECHUGA,100,dado,orig26
2026-08-01,medianoche,MUSLO,25,dado,orig26
2026-08-01,medianoche,ZAPALLITO,25,dado,orig26
2026-08-01,medianoche,ARROZ,25,dado,orig26
2026-08-01,medianoche,CALCIVET,"0,5",dado,orig26
2026-08-02,mediodia,PECHUGA,100,dado,orig26
2026-08-02,mediodia,MUSLO,25,dado,orig26
2026-08-02,mediodia,ZAPALLITO,25,dado,orig26
2026-08-02,mediodia,ARROZ,25,dado,orig26
2026-08-02,mediodia,JUREL,25,dado,orig26
2026-08-02,mediodia,CALCIVET,"0,5",dado,orig26
2026-08-02,mediodia,TAURINA,"0,25",dado,orig26
2026-08-02,mediodia,FM,1,no_dado,orig26
2026-08-02,medianoche,PECHUGA,100,dado,orig26
2026-08-02,medianoche,MUSLO,25,dado,orig26
2026-08-02,medianoche,ZAPALLITO,25,dado,orig26
2026-08-02,medianoche,ARROZ,25,dado,orig26
2026-08-02,medianoche,CALCIVET,"0,5",dado,orig26
2026-08-03,mediodia,PECHUGA,100,dado,orig28
2026-08-03,mediodia,MUSLO,25,dado,orig28
2026-08-03,mediodia,ZAPALLITO,25,dado,orig28
2026-08-03,mediodia,ARROZ,25,dado,orig28
2026-08-03,mediodia,JUREL,25,dado,orig28
2026-08-03,mediodia,CALCIVET,"0,5",dado,orig28
2026-08-03,mediodia,TAURINA,"0,25",dado,orig28
2026-08-03,mediodia,FM,1,no_dado,orig28
2026-08-03,medianoche,PECHUGA,100,dado,orig28
2026-08-03,medianoche,MUSLO,25,dado,orig28
2026-08-03,medianoche,ZAPALLITO,25,dado,orig28
2026-08-03,medianoche,ARROZ,25,dado,orig28
2026-08-03,medianoche,CALCIVET,"0,5",dado,orig28
2026-08-04,mediodia,PECHUGA,100,dado,orig28
2026-08-04,mediodia,MUSLO,25,dado,orig28
2026-08-04,mediodia,ZAPALLITO,25,dado,orig28
2026-08-04,mediodia,ARROZ,25,dado,orig28
2026-08-04,mediodia,JUREL,25,no_dado,orig28
2026-08-04,mediodia,CALCIVET,"0,5",dado,orig28
2026-08-04,mediodia,TAURINA,"0,25",dado,orig28
2026-08-04,mediodia,FM,1,no_dado,orig28
2026-08-04,medianoche,PECHUGA,100,dado,orig28
2026-08-04,medianoche,MUSLO,25,dado,orig28
2026-08-04,medianoche,ZAPALLITO,25,dado,orig28
2026-08-04,medianoche,ARROZ,25,dado,orig28
2026-08-04,medianoche,CALCIVET,"0,5",dado,orig28
2026-08-05,mediodia,PECHUGA,100,dado,orig28
2026-08-05,mediodia,MUSLO,25,dado,orig28
2026-08-05,mediodia,ZAPALLITO,25,dado,orig28
2026-08-05,mediodia,ARROZ,25,dado,orig28
2026-08-05,mediodia,JUREL,25,dado,orig28
2026-08-05,mediodia,CALCIVET,"0,5",dado,orig28
2026-08-05,mediodia,TAURINA,"0,25",dado,orig28
2026-08-05,mediodia,FM,1,no_dado,orig28
2026-08-05,medianoche,PECHUGA,100,dado,orig28
2026-08-05,medianoche,MUSLO,25,dado,orig28
2026-08-05,medianoche,ZAPALLITO,25,dado,orig28
2026-08-05,medianoche,ARROZ,25,dado,orig28
2026-08-05,medianoche,CALCIVET,"0,5",dado,orig28
2026-08-06,mediodia,PECHUGA,100,dado,orig28
2026-08-06,mediodia,MUSLO,25,dado,orig28
2026-08-06,mediodia,ZAPALLITO,25,dado,orig28
2026-08-06,mediodia,ARROZ,25,dado,orig28
2026-08-06,mediodia,JUREL,25,no_dado,orig28
2026-08-06,mediodia,CALCIVET,"0,5",dado,orig28
2026-08-06,mediodia,TAURINA,"0,25",dado,orig28
2026-08-06,mediodia,FM,1,no_dado,orig28
2026-08-06,medianoche,PECHUGA,100,dado,orig28
2026-08-06,medianoche,MUSLO,25,dado,orig28
2026-08-06,medianoche,ZAPALLITO,25,dado,orig28
2026-08-06,medianoche,ARROZ,25,dado,orig28
2026-08-06,medianoche,CALCIVET,"0,5",dado,orig28
2026-08-07,mediodia,PECHUGA,100,dado,orig28
2026-08-07,mediodia,MUSLO,25,dado,orig28
2026-08-07,mediodia,ZAPALLITO,25,dado,orig28
2026-08-07,mediodia,ARROZ,25,dado,orig28
2026-08-07,mediodia,JUREL,25,dado,orig28
2026-08-07,mediodia,CALCIVET,"0,5",dado,orig28
2026-08-07,mediodia,TAURINA,"0,25",dado,orig28
2026-08-07,mediodia,FM,1,no_dado,orig28
2026-08-07,medianoche,PECHUGA,100,dado,orig28
2026-08-07,medianoche,MUSLO,25,dado,orig28
2026-08-07,medianoche,ZAPALLITO,25,dado,orig28
2026-08-07,medianoche,ARROZ,25,dado,orig28
2026-08-07,medianoche,CALCIVET,"0,5",dado,orig28
2026-08-08,mediodia,PECHUGA,100,dado,orig28
2026-08-08,mediodia,MUSLO,25,dado,orig28
2026-08-08,mediodia,ZAPALLITO,25,dado,orig28
2026-08-08,mediodia,ARROZ,25,dado,orig28
2026-08-08,mediodia,JUREL,25,no_dado,orig28
2026-08-08,mediodia,CALCIVET,"0,5",dado,orig28
2026-08-08,mediodia,TAURINA,"0,25",dado,orig28
2026-08-08,mediodia,FM,1,no_dado,orig28
2026-08-08,medianoche,PECHUGA,100,dado,orig28
2026-08-08,medianoche,MUSLO,25,dado,orig28
2026-08-08,medianoche,ZAPALLITO,25,dado,orig28
2026-08-08,medianoche,ARROZ,25,dado,orig28
2026-08-08,medianoche,CALCIVET,"0,5",dado,orig28
2026-08-09,mediodia,PECHUGA,100,dado,orig28
2026-08-09,mediodia,MUSLO,25,dado,orig28
2026-08-09,mediodia,ZAPALLITO,25,dado,orig28
2026-08-09,mediodia,ARROZ,25,dado,orig28
2026-08-09,mediodia,JUREL,25,dado,orig28
2026-08-09,mediodia,CALCIVET,"0,5",dado,orig28
2026-08-09,mediodia,TAURINA,"0,25",dado,orig28
2026-08-09,mediodia,FM,1,no_dado,orig28
2026-08-09,medianoche,PECHUGA,100,dado,orig28
2026-08-09,medianoche,MUSLO,25,dado,orig28
2026-08-09,medianoche,ZAPALLITO,25,dado,orig28
2026-08-09,medianoche,ARROZ,25,dado,orig28
2026-08-09,medianoche,CALCIVET,"0,5",dado,orig28
2026-08-10,mediodia,PECHUGA,100,dado,orig31
2026-08-10,mediodia,MUSLO,25,dado,orig31
2026-08-10,mediodia,ZAPALLITO,25,dado,orig31
2026-08-10,mediodia,ARROZ,25,dado,orig31
2026-08-10,mediodia,JUREL,25,no_dado,orig31
2026-08-10,mediodia,CALCIVET,"0,5",dado,orig31
2026-08-10,mediodia,TAURINA,"0,25",dado,orig31
2026-08-10,mediodia,FM,1,no_dado,orig31
2026-08-10,medianoche,PECHUGA,100,dado,orig31
2026-08-10,medianoche,MUSLO,25,dado,orig31
2026-08-10,medianoche,ZAPALLITO,25,dado,orig31
2026-08-10,medianoche,ARROZ,25,dado,orig31
2026-08-10,medianoche,CALCIVET,"0,5",dado,orig31
2026-08-11,mediodia,PECHUGA,100,dado,orig31
2026-08-11,mediodia,MUSLO,25,dado,orig31
2026-08-11,mediodia,ZAPALLITO,25,dado,orig31
2026-08-11,mediodia,ARROZ,25,dado,orig31
2026-08-11,mediodia,JUREL,25,dado,orig31
2026-08-11,mediodia,CALCIVET,"0,5",dado,orig31
2026-08-11,mediodia,TAURINA,"0,25",dado,orig31
2026-08-11,mediodia,FM,1,dado,orig31
2026-08-11,medianoche,PECHUGA,100,dado,orig31
2026-08-11,medianoche,MUSLO,25,dado,orig31
2026-08-11,medianoche,ZAPALLITO,25,dado,orig31
2026-08-11,medianoche,ARROZ,25,dado,orig31
2026-08-11,medianoche,CALCIVET,"0,5",dado,orig31
2026-08-12,mediodia,PECHUGA,100,dado,orig31
2026-08-12,mediodia,MUSLO,25,dado,orig31
2026-08-12,mediodia,ZAPALLITO,25,dado,orig31
2026-08-12,mediodia,ARROZ,25,dado,orig31
2026-08-12,mediodia,JUREL,25,no_dado,orig31
2026-08-12,mediodia,CALCIVET,"0,5",dado,orig31
2026-08-12,mediodia,TAURINA,"0,25",dado,orig31
2026-08-12,mediodia,FM,1,no_dado,orig31
2026-08-12,medianoche,PECHUGA,100,dado,orig31
2026-08-12,medianoche,MUSLO,25,dado,orig31
2026-08-12,medianoche,ZAPALLITO,25,dado,orig31
2026-08-12,medianoche,ARROZ,25,dado,orig31
2026-08-12,medianoche,CALCIVET,"0,5",dado,orig31
2026-08-13,mediodia,PECHUGA,100,dado,orig31
2026-08-13,mediodia,MUSLO,25,dado,orig31
2026-08-13,mediodia,ZAPALLITO,25,dado,orig31
2026-08-13,mediodia,ARROZ,25,dado,orig31
2026-08-13,mediodia,JUREL,25,dado,orig31
2026-08-13,mediodia,CALCIVET,"0,5",dado,orig31
2026-08-13,mediodia,TAURINA,"0,25",dado,orig31
2026-08-13,mediodia,FM,1,no_dado,orig31
2026-08-13,medianoche,PECHUGA,100,dado,orig31
2026-08-13,medianoche,MUSLO,25,dado,orig31
2026-08-13,medianoche,ZAPALLITO,25,dado,orig31
2026-08-13,medianoche,ARROZ,25,dado,orig31
2026-08-13,medianoche,CALCIVET,"0,5",dado,orig31
2026-08-14,mediodia,PECHUGA,100,dado,orig31
2026-08-14,mediodia,MUSLO,25,dado,orig31
2026-08-14,mediodia,ZAPALLITO,25,dado,orig31
2026-08-14,mediodia,ARROZ,25,dado,orig31
2026-08-14,mediodia,JUREL,25,no_dado,orig31
2026-08-14,mediodia,CALCIVET,"0,5",dado,orig31
2026-08-14,mediodia,TAURINA,"0,25",dado,orig31
2026-08-14,mediodia,FM,1,no_dado,orig31
2026-08-14,medianoche,PECHUGA,100,dado,orig31
2026-08-14,medianoche,MUSLO,25,dado,orig31
2026-08-14,medianoche,ZAPALLITO,25,dado,orig31
2026-08-14,medianoche,ARROZ,25,dado,orig31
2026-08-14,medianoche,CALCIVET,"0,5",dado,orig31
2026-08-15,mediodia,PECHUGA,100,dado,orig31
2026-08-15,mediodia,MUSLO,25,dado,orig31
2026-08-15,mediodia,ZAPALLITO,25,dado,orig31
2026-08-15,mediodia,ARROZ,25,dado,orig31
2026-08-15,mediodia,JUREL,25,dado,orig31
2026-08-15,mediodia,CALCIVET,"0,5",dado,orig31
2026-08-15,mediodia,TAURINA,"0,25",dado,orig31
2026-08-15,mediodia,FM,1,no_dado,orig31
2026-08-15,medianoche,PECHUGA,100,dado,orig31
2026-08-15,medianoche,MUSLO,25,dado,orig31
2026-08-15,medianoche,ZAPALLITO,25,dado,orig31
2026-08-15,medianoche,ARROZ,25,dado,orig31
2026-08-15,medianoche,CALCIVET,"0,5",dado,orig31
2026-08-16,mediodia,PECHUGA,100,dado,orig31
2026-08-16,mediodia,MUSLO,25,dado,orig31
2026-08-16,mediodia,ZAPALLITO,25,dado,orig31
2026-08-16,mediodia,ARROZ,25,dado,orig31
2026-08-16,mediodia,JUREL,25,no_dado,orig31
2026-08-16,mediodia,CALCIVET,"0,5",dado,orig31
2026-08-16,mediodia,TAURINA,"0,25",dado,orig31
2026-08-16,mediodia,FM,1,no_dado,orig31
2026-08-16,medianoche,PECHUGA,100,dado,orig31
2026-08-16,medianoche,MUSLO,25,dado,orig31
2026-08-16,medianoche,ZAPALLITO,25,dado,orig31
2026-08-16,medianoche,ARROZ,25,dado,orig31
2026-08-16,medianoche,CALCIVET,"0,5",dado,orig31
2026-08-17,mediodia,PECHUGA,100,dado,orig33
2026-08-17,mediodia,MUSLO,25,dado,orig33
2026-08-17,mediodia,ZAPALLITO,25,dado,orig33
2026-08-17,mediodia,ARROZ,25,dado,orig33
2026-08-17,mediodia,JUREL,25,dado,orig33
2026-08-17,mediodia,CALCIVET,"0,5",dado,orig33
2026-08-17,mediodia,TAURINA,"0,25",dado,orig33
2026-08-17,mediodia,FM,1,no_dado,orig33
2026-08-17,mediodia,ZANAHORIA,25,no_dado,orig33
2026-08-17,medianoche,PECHUGA,100,dado,orig33
2026-08-17,medianoche,MUSLO,25,dado,orig33
2026-08-17,medianoche,ZAPALLITO,25,dado,orig33
2026-08-17,medianoche,ARROZ,25,dado,orig33
2026-08-17,medianoche,CALCIVET,"0,5",dado,orig33
2026-08-17,medianoche,ZANAHORIA,25,no_dado,orig33
2026-08-18,mediodia,PECHUGA,100,dado,orig33
2026-08-18,mediodia,MUSLO,25,dado,orig33
2026-08-18,mediodia,ZAPALLITO,25,dado,orig33
2026-08-18,mediodia,ARROZ,25,dado,orig33
2026-08-18,mediodia,JUREL,25,no_dado,orig33
2026-08-18,mediodia,CALCIVET,"0,5",dado,orig33
2026-08-18,mediodia,TAURINA,"0,25",dado,orig33
2026-08-18,mediodia,FM,1,no_dado,orig33
2026-08-18,mediodia,ZANAHORIA,25,no_dado,orig33
2026-08-18,medianoche,PECHUGA,100,dado,orig33
2026-08-18,medianoche,MUSLO,25,dado,orig33
2026-08-18,medianoche,ZAPALLITO,25,dado,orig33
2026-08-18,medianoche,ARROZ,25,dado,orig33
2026-08-18,medianoche,CALCIVET,"0,5",dado,orig33
2026-08-18,medianoche,ZANAHORIA,25,no_dado,orig33
2026-08-19,mediodia,PECHUGA,100,dado,orig33
2026-08-19,mediodia,MUSLO,25,dado,orig33
2026-08-19,mediodia,ZAPALLITO,25,dado,orig33
2026-08-19,mediodia,ARROZ,25,dado,orig33
2026-08-19,mediodia,JUREL,25,dado,orig33
2026-08-19,mediodia,CALCIVET,"0,5",dado,orig33
2026-08-19,mediodia,TAURINA,"0,25",dado,orig33
2026-08-19,mediodia,FM,1,no_dado,orig33
2026-08-19,mediodia,ZANAHORIA,25,no_dado,orig33
2026-08-19,medianoche,PECHUGA,100,dado,orig33
2026-08-19,medianoche,MUSLO,25,dado,orig33
2026-08-19,medianoche,ZAPALLITO,25,dado,orig33
2026-08-19,medianoche,ARROZ,25,dado,orig33
2026-08-19,medianoche,CALCIVET,"0,5",dado,orig33
2026-08-19,medianoche,ZANAHORIA,25,no_dado,orig33
2026-08-20,mediodia,PECHUGA,100,dado,orig33
2026-08-20,mediodia,MUSLO,25,dado,orig33
2026-08-20,mediodia,ZAPALLITO,25,no_dado,orig33
2026-08-20,mediodia,ARROZ,25,dado,orig33
2026-08-20,mediodia,JUREL,25,no_dado,orig33
2026-08-20,mediodia,CALCIVET,"0,5",dado,orig33
2026-08-20,mediodia,TAURINA,"0,25",dado,orig33
2026-08-20,mediodia,FM,1,no_dado,orig33
2026-08-20,mediodia,ZANAHORIA,25,no_dado,orig33
2026-08-20,medianoche,PECHUGA,100,dado,orig33
2026-08-20,medianoche,MUSLO,25,dado,orig33
2026-08-20,medianoche,ZAPALLITO,25,dado,orig33
2026-08-20,medianoche,ARROZ,25,dado,orig33
2026-08-20,medianoche,CALCIVET,"0,5",dado,orig33
2026-08-20,medianoche,ZANAHORIA,25,no_dado,orig33
2026-08-21,mediodia,PECHUGA,100,dado,orig33
2026-08-21,mediodia,MUSLO,25,dado,orig33
2026-08-21,mediodia,ZAPALLITO,25,dado,orig33
2026-08-21,mediodia,ARROZ,25,dado,orig33
2026-08-21,mediodia,JUREL,25,dado,orig33
2026-08-21,mediodia,CALCIVET,"0,5",dado,orig33
2026-08-21,mediodia,TAURINA,"0,25",dado,orig33
2026-08-21,mediodia,FM,1,no_dado,orig33
2026-08-21,mediodia,ZANAHORIA,25,no_dado,orig33
2026-08-21,medianoche,PECHUGA,100,dado,orig33
2026-08-21,medianoche,MUSLO,25,dado,orig33
2026-08-21,medianoche,ZAPALLITO,25,no_dado,orig33
2026-08-21,medianoche,ARROZ,25,dado,orig33
2026-08-21,medianoche,CALCIVET,"0,5",dado,orig33
2026-08-21,medianoche,ZANAHORIA,25,dado,orig33
2026-08-22,mediodia,PECHUGA,100,dado,orig33
2026-08-22,mediodia,MUSLO,25,dado,orig33
2026-08-22,mediodia,ZAPALLITO,25,dado,orig33
2026-08-22,mediodia,ARROZ,25,dado,orig33
2026-08-22,mediodia,JUREL,25,no_dado,orig33
2026-08-22,mediodia,CALCIVET,"0,5",dado,orig33
2026-08-22,mediodia,TAURINA,"0,25",dado,orig33
2026-08-22,mediodia,FM,1,no_dado,orig33
2026-08-22,mediodia,ZANAHORIA,25,no_dado,orig33
2026-08-22,medianoche,PECHUGA,100,dado,orig33
2026-08-22,medianoche,MUSLO,25,no_dado,orig33
2026-08-22,medianoche,ZAPALLITO,25,no_dado,orig33
2026-08-22,medianoche,ARROZ,25,dado,orig33
2026-08-22,medianoche,CALCIVET,"0,5",dado,orig33
2026-08-22,medianoche,ZANAHORIA,25,dado,orig33
2026-08-23,mediodia,PECHUGA,100,dado,orig33
2026-08-23,mediodia,MUSLO,25,no_dado,orig33
2026-08-23,mediodia,ZAPALLITO,25,no_dado,orig33
2026-08-23,mediodia,ARROZ,25,dado,orig33
2026-08-23,mediodia,JUREL,25,dado,orig33
2026-08-23,mediodia,CALCIVET,"0,5",dado,orig33
2026-08-23,mediodia,TAURINA,"0,25",dado,orig33
2026-08-23,mediodia,FM,1,no_dado,orig33
2026-08-23,mediodia,ZANAHORIA,25,dado,orig33
2026-08-23,medianoche,PECHUGA,100,dado,orig33
2026-08-23,medianoche,MUSLO,25,no_dado,orig33
2026-08-23,medianoche,ZAPALLITO,25,no_dado,orig33
2026-08-23,medianoche,ARROZ,25,dado,orig33
2026-08-23,medianoche,CALCIVET,"0,5",dado,orig33
2026-08-23,medianoche,ZANAHORIA,25,dado,orig33
2026-08-24,mediodia,PECHUGA,100,dado,orig35
2026-08-24,mediodia,MUSLO,25,no_dado,orig35
2026-08-24,mediodia,ZAPALLITO,25,no_dado,orig35
2026-08-24,mediodia,ARROZ,25,dado,orig35
2026-08-24,mediodia,JUREL,25,no_dado,orig35
2026-08-24,mediodia,CALCIVET,"0,5",dado,orig35
2026-08-24,mediodia,TAURINA,"0,25",dado,orig35
2026-08-24,mediodia,ZANAHORIA,25,dado,orig35
2026-08-24,medianoche,PECHUGA,100,dado,orig35
2026-08-24,medianoche,MUSLO,25,no_dado,orig35
2026-08-24,medianoche,ZAPALLITO,25,no_dado,orig35
2026-08-24,medianoche,ARROZ,25,dado,orig35
2026-08-24,medianoche,CALCIVET,"0,5",dado,orig35
2026-08-24,medianoche,ZANAHORIA,25,dado,orig35
2026-08-25,mediodia,PECHUGA,100,dado,orig35
2026-08-25,mediodia,MUSLO,25,no_dado,orig35
2026-08-25,mediodia,ZAPALLITO,25,no_dado,orig35
2026-08-25,mediodia,ARROZ,25,dado,orig35
2026-08-25,mediodia,JUREL,25,no_dado,orig35
2026-08-25,mediodia,CALCIVET,"0,5",dado,orig35
2026-08-25,mediodia,TAURINA,"0,25",dado,orig35
2026-08-25,mediodia,ZANAHORIA,25,dado,orig35
2026-08-25,medianoche,PECHUGA,100,dado,orig35
2026-08-25,medianoche,MUSLO,25,dado,orig35
2026-08-25,medianoche,ZAPALLITO,25,dado,orig35
2026-08-25,medianoche,ARROZ,25,dado,orig35
2026-08-25,medianoche,CALCIVET,"0,5",dado,orig35
2026-08-25,medianoche,ZANAHORIA,25,dado,orig35
2026-08-26,mediodia,PECHUGA,100,dado,orig35
2026-08-26,mediodia,MUSLO,25,dado,orig35
2026-08-26,mediodia,ZAPALLITO,25,dado,orig35
2026-08-26,mediodia,ARROZ,25,dado,orig35
2026-08-26,mediodia,JUREL,25,no_dado,orig35
2026-08-26,mediodia,CALCIVET,"0,5",dado,orig35
2026-08-26,mediodia,TAURINA,"0,25",dado,orig35
2026-08-26,mediodia,ZANAHORIA,25,dado,orig35
2026-08-26,medianoche,PECHUGA,100,dado,orig35
2026-08-26,medianoche,MUSLO,25,dado,orig35
2026-08-26,medianoche,ZAPALLITO,25,dado,orig35
2026-08-26,medianoche,ARROZ,25,dado,orig35
2026-08-26,medianoche,CALCIVET,"0,5",dado,orig35
2026-08-26,medianoche,ZANAHORIA,25,no_dado,orig35
2026-08-27,mediodia,PECHUGA,100,dado,orig35
2026-08-27,mediodia,MUSLO,25,dado,orig35
2026-08-27,mediodia,ZAPALLITO,25,dado,orig35
2026-08-27,mediodia,ARROZ,25,dado,orig35
2026-08-27,mediodia,JUREL,25,dado,orig35
2026-08-27,mediodia,CALCIVET,"0,5",dado,orig35
2026-08-27,mediodia,TAURINA,"0,25",dado,orig35
2026-08-27,mediodia,ZANAHORIA,25,no_dado,orig35
2026-08-27,medianoche,PECHUGA,100,dado,orig35
2026-08-27,medianoche,MUSLO,25,dado,orig35
2026-08-27,medianoche,ZAPALLITO,25,dado,orig35
2026-08-27,medianoche,ARROZ,25,no_dado,orig35
2026-08-27,medianoche,CALCIVET,"0,5",dado,orig35
2026-08-27,medianoche,ZANAHORIA,25,no_dado,orig35
2026-08-28,mediodia,PECHUGA,100,dado,orig35
2026-08-28,mediodia,MUSLO,25,dado,orig35
2026-08-28,mediodia,ZAPALLITO,25,dado,orig35
2026-08-28,mediodia,ARROZ,25,dado,orig35
2026-08-28,mediodia,JUREL,25,no_dado,orig35
2026-08-28,mediodia,CALCIVET,"0,5",dado,orig35
2026-08-28,mediodia,TAURINA,"0,25",dado,orig35
2026-08-28,mediodia,ZANAHORIA,25,no_dado,orig35
2026-08-28,medianoche,PECHUGA,100,dado,orig35
2026-08-28,medianoche,MUSLO,25,dado,orig35
2026-08-28,medianoche,ZAPALLITO,25,dado,orig35
2026-08-28,medianoche,ARROZ,25,dado,orig35
2026-08-28,medianoche,CALCIVET,"0,5",dado,orig35
2026-08-28,medianoche,ZANAHORIA,25,no_dado,orig35
2026-08-29,mediodia,PECHUGA,100,dado,orig35
2026-08-29,mediodia,MUSLO,25,dado,orig35
2026-08-29,mediodia,ZAPALLITO,25,dado,orig35
2026-08-29,mediodia,ARROZ,25,dado,orig35
2026-08-29,mediodia,JUREL,25,dado,orig35
2026-08-29,mediodia,CALCIVET,"0,5",dado,orig35
2026-08-29,mediodia,TAURINA,"0,25",dado,orig35
2026-08-29,mediodia,ZANAHORIA,25,no_dado,orig35
2026-08-29,medianoche,PECHUGA,100,dado,orig35
2026-08-29,medianoche,MUSLO,25,dado,orig35
2026-08-29,medianoche,ZAPALLITO,25,dado,orig35
2026-08-29,medianoche,ARROZ,25,dado,orig35
2026-08-29,medianoche,CALCIVET,"0,5",dado,orig35
2026-08-29,medianoche,ZANAHORIA,25,no_dado,orig35
2026-08-30,mediodia,PECHUGA,100,dado,orig35
2026-08-30,mediodia,MUSLO,25,dado,orig35
2026-08-30,mediodia,ZAPALLITO,25,dado,orig35
2026-08-30,mediodia,ARROZ,25,dado,orig35
2026-08-30,mediodia,JUREL,25,no_dado,orig35
2026-08-30,mediodia,CALCIVET,"0,5",dado,orig35
2026-08-30,mediodia,TAURINA,"0,25",dado,orig35
2026-08-30,mediodia,ZANAHORIA,25,no_dado,orig35
2026-08-30,medianoche,PECHUGA,100,dado,orig35
2026-08-30,medianoche,MUSLO,25,dado,orig35
2026-08-30,medianoche,ZAPALLITO,25,dado,orig35
2026-08-30,medianoche,ARROZ,25,dado,orig35
2026-08-30,medianoche,CALCIVET,"0,5",dado,orig35
2026-08-30,medianoche,ZANAHORIA,25,no_dado,orig35
2026-08-31,mediodia,PECHUGA,100,dado,orig37
2026-08-31,mediodia,MUSLO,25,dado,orig37
2026-08-31,mediodia,ZAPALLITO,25,dado,orig37
2026-08-31,mediodia,ARROZ,25,dado,orig37
2026-08-31,mediodia,JUREL,25,dado,orig37
2026-08-31,mediodia,CALCIVET,"0,5",dado,orig37
2026-08-31,mediodia,TAURINA,"0,25",dado,orig37
2026-08-31,mediodia,SOPA_MORO,,vacio,orig37
2026-08-31,medianoche,PECHUGA,100,dado,orig37
2026-08-31,medianoche,MUSLO,25,dado,orig37
2026-08-31,medianoche,ZAPALLITO,25,dado,orig37
2026-08-31,medianoche,ARROZ,25,dado,orig37
2026-08-31,medianoche,CALCIVET,"0,5",dado,orig37
2026-08-31,medianoche,SOPA_MORO,,vacio,orig37
2026-09-01,mediodia,PECHUGA,100,dado,orig37
2026-09-01,mediodia,MUSLO,25,dado,orig37
2026-09-01,mediodia,ZAPALLITO,25,dado,orig37
2026-09-01,mediodia,ARROZ,25,dado,orig37
2026-09-01,mediodia,JUREL,25,no_dado,orig37
2026-09-01,mediodia,CALCIVET,"0,5",dado,orig37
2026-09-01,mediodia,TAURINA,"0,25",dado,orig37
2026-09-01,mediodia,SOPA_MORO,,vacio,orig37
2026-09-01,medianoche,PECHUGA,100,dado,orig37
2026-09-01,medianoche,MUSLO,25,dado,orig37
2026-09-01,medianoche,ZAPALLITO,25,dado,orig37
2026-09-01,medianoche,ARROZ,25,dado,orig37
2026-09-01,medianoche,CALCIVET,"0,5",dado,orig37
2026-09-01,medianoche,SOPA_MORO,,vacio,orig37
2026-09-02,mediodia,PECHUGA,100,dado,orig37
2026-09-02,mediodia,MUSLO,25,dado,orig37
2026-09-02,mediodia,ZAPALLITO,25,dado,orig37
2026-09-02,mediodia,ARROZ,25,dado,orig37
2026-09-02,mediodia,JUREL,25,dado,orig37
2026-09-02,mediodia,CALCIVET,"0,5",dado,orig37
2026-09-02,mediodia,TAURINA,"0,25",dado,orig37
2026-09-02,mediodia,SOPA_MORO,3 cucharadas,dado,orig37
2026-09-02,medianoche,PECHUGA,100,dado,orig37
2026-09-02,medianoche,MUSLO,25,no_dado,orig37
2026-09-02,medianoche,ZAPALLITO,25,no_dado,orig37
2026-09-02,medianoche,ARROZ,25,dado,orig37
2026-09-02,medianoche,CALCIVET,"0,5",dado,orig37
2026-09-02,medianoche,SOPA_MORO,3 cucharadas,dado,orig37
2026-09-03,mediodia,PECHUGA,100,dado,orig37
2026-09-03,mediodia,MUSLO,25,no_dado,orig37
2026-09-03,mediodia,ZAPALLITO,25,no_dado,orig37
2026-09-03,mediodia,ARROZ,25,dado,orig37
2026-09-03,mediodia,JUREL,25,no_dado,orig37
2026-09-03,mediodia,CALCIVET,"0,5",dado,orig37
2026-09-03,mediodia,TAURINA,"0,25",dado,orig37
2026-09-03,mediodia,SOPA_MORO,3 cucharadas,dado,orig37
2026-09-03,medianoche,PECHUGA,100,dado,orig37
2026-09-03,medianoche,MUSLO,25,no_dado,orig37
2026-09-03,medianoche,ZAPALLITO,25,no_dado,orig37
2026-09-03,medianoche,ARROZ,25,dado,orig37
2026-09-03,medianoche,CALCIVET,"0,5",dado,orig37
2026-09-03,medianoche,SOPA_MORO,3 cucharadas,dado,orig37
2026-09-04,mediodia,PECHUGA,100,dado,orig37
2026-09-04,mediodia,MUSLO,25,no_dado,orig37
2026-09-04,mediodia,ZAPALLITO,25,no_dado,orig37
2026-09-04,mediodia,ARROZ,25,dado,orig37
2026-09-04,mediodia,JUREL,25,no_dado,orig37
2026-09-04,mediodia,CALCIVET,"0,5",dado,orig37
2026-09-04,mediodia,TAURINA,"0,25",dado,orig37
2026-09-04,mediodia,SOPA_MORO,3 cucharadas,dado,orig37
2026-09-04,medianoche,PECHUGA,100,dado,orig37
2026-09-04,medianoche,MUSLO,25,dado,orig37
2026-09-04,medianoche,ZAPALLITO,25,dado,orig37
2026-09-04,medianoche,ARROZ,25,dado,orig37
2026-09-04,medianoche,CALCIVET,"0,5",dado,orig37
2026-09-04,medianoche,SOPA_MORO,3 cucharadas,dado,orig37
2026-09-05,mediodia,PECHUGA,100,dado,orig37
2026-09-05,mediodia,MUSLO,25,dado,orig37
2026-09-05,mediodia,ZAPALLITO,25,dado,orig37
2026-09-05,mediodia,ARROZ,25,dado,orig37
2026-09-05,mediodia,JUREL,25,no_dado,orig37
2026-09-05,mediodia,CALCIVET,"0,5",dado,orig37
2026-09-05,mediodia,TAURINA,"0,25",dado,orig37
2026-09-05,mediodia,SOPA_MORO,3 cucharadas,dado,orig37
2026-09-05,medianoche,PECHUGA,100,dado,orig37
2026-09-05,medianoche,MUSLO,25,dado,orig37
2026-09-05,medianoche,ZAPALLITO,25,dado,orig37
2026-09-05,medianoche,ARROZ,25,dado,orig37
2026-09-05,medianoche,CALCIVET,"0,5",dado,orig37
2026-09-05,medianoche,SOPA_MORO,3 cucharadas,dado,orig37
2026-09-06,mediodia,PECHUGA,100,dado,orig37
2026-09-06,mediodia,MUSLO,25,dado,orig37
2026-09-06,mediodia,ZAPALLITO,25,dado,orig37
2026-09-06,mediodia,ARROZ,25,dado,orig37
2026-09-06,mediodia,JUREL,25,dado,orig37
2026-09-06,mediodia,CALCIVET,"0,5",dado,orig37
2026-09-06,mediodia,TAURINA,"0,25",dado,orig37
2026-09-06,mediodia,SOPA_MORO,3 cucharadas,dado,orig37
2026-09-06,medianoche,PECHUGA,100,dado,orig37
2026-09-06,medianoche,MUSLO,25,dado,orig37
2026-09-06,medianoche,ZAPALLITO,25,dado,orig37
2026-09-06,medianoche,ARROZ,25,dado,orig37
2026-09-06,medianoche,CALCIVET,"0,5",dado,orig37
2026-09-06,medianoche,SOPA_MORO,3 cucharadas,dado,orig37
2026-09-07,mediodia,PECHUGA,100,dado,orig39
2026-09-07,mediodia,MUSLO,25,dado,orig39
2026-09-07,mediodia,ZAPALLITO,25,no_dado,orig39
2026-09-07,mediodia,ARROZ,25,dado,orig39
2026-09-07,mediodia,JUREL,25,no_dado,orig39
2026-09-07,mediodia,CALCIVET,"0,5",dado,orig39
2026-09-07,mediodia,TAURINA,"0,25",dado,orig39
2026-09-07,mediodia,SOPA_MORO,3 cucharadas,dado,orig39
2026-09-07,mediodia,MANZANA,20,no_dado,orig39
2026-09-07,mediodia,BONIATO,25,no_dado,orig39
2026-09-07,mediodia,CERDO,125,vacio,orig39
2026-09-07,medianoche,PECHUGA,100,dado,orig39
2026-09-07,medianoche,MUSLO,25,dado,orig39
2026-09-07,medianoche,ZAPALLITO,25,no_dado,orig39
2026-09-07,medianoche,ARROZ,25,dado,orig39
2026-09-07,medianoche,CALCIVET,"0,5",dado,orig39
2026-09-07,medianoche,SOPA_MORO,3 cucharadas,dado,orig39
2026-09-07,medianoche,MANZANA,20,no_dado,orig39
2026-09-07,medianoche,BONIATO,25,no_dado,orig39
2026-09-07,medianoche,CERDO,125,no_dado,orig39
2026-09-08,mediodia,PECHUGA,100,dado,orig39
2026-09-08,mediodia,MUSLO,25,dado,orig39
2026-09-08,mediodia,ZAPALLITO,25,no_dado,orig39
2026-09-08,mediodia,ARROZ,25,dado,orig39
2026-09-08,mediodia,JUREL,25,dado,orig39
2026-09-08,mediodia,CALCIVET,"0,5",dado,orig39
2026-09-08,mediodia,TAURINA,"0,25",dado,orig39
2026-09-08,mediodia,SOPA_MORO,3 cucharadas,dado,orig39
2026-09-08,mediodia,MANZANA,20,no_dado,orig39
2026-09-08,mediodia,BONIATO,25,no_dado,orig39
2026-09-08,mediodia,CERDO,125,vacio,orig39
2026-09-08,medianoche,PECHUGA,100,dado,orig39
2026-09-08,medianoche,MUSLO,25,no_dado,orig39
2026-09-08,medianoche,ZAPALLITO,25,no_dado,orig39
2026-09-08,medianoche,ARROZ,25,no_dado,orig39
2026-09-08,medianoche,CALCIVET,"0,5",dado,orig39
2026-09-08,medianoche,SOPA_MORO,,no_dado,orig39
2026-09-08,medianoche,MANZANA,20,dado,orig39
2026-09-08,medianoche,BONIATO,25,dado,orig39
2026-09-08,medianoche,CERDO,125,no_dado,orig39
2026-09-09,mediodia,PECHUGA,125,dado,orig39
2026-09-09,mediodia,MUSLO,25,no_dado,orig39
2026-09-09,mediodia,ZAPALLITO,25,no_dado,orig39
2026-09-09,mediodia,ARROZ,25,no_dado,orig39
2026-09-09,mediodia,JUREL,25,no_dado,orig39
2026-09-09,mediodia,CALCIVET,"0,5",dado,orig39
2026-09-09,mediodia,TAURINA,"0,25",dado,orig39
2026-09-09,mediodia,SOPA_MORO,,no_dado,orig39
2026-09-09,mediodia,MANZANA,20,dado,orig39
2026-09-09,mediodia,BONIATO,25,dado,orig39
2026-09-09,mediodia,CERDO,125,vacio,orig39
2026-09-09,medianoche,PECHUGA,100,no_dado,orig39
2026-09-09,medianoche,MUSLO,25,no_dado,orig39
2026-09-09,medianoche,ZAPALLITO,25,no_dado,orig39
2026-09-09,medianoche,ARROZ,25,no_dado,orig39
2026-09-09,medianoche,CALCIVET,"0,5",dado,orig39
2026-09-09,medianoche,SOPA_MORO,,no_dado,orig39
2026-09-09,medianoche,MANZANA,20,dado,orig39
2026-09-09,medianoche,BONIATO,25,dado,orig39
2026-09-09,medianoche,CERDO,125,dado,orig39
2026-09-10,mediodia,PECHUGA,100,no_dado,orig39
2026-09-10,mediodia,MUSLO,25,no_dado,orig39
2026-09-10,mediodia,ZAPALLITO,25,no_dado,orig39
2026-09-10,mediodia,ARROZ,25,no_dado,orig39
2026-09-10,mediodia,JUREL,25,no_dado,orig39
2026-09-10,mediodia,CALCIVET,"0,5",dado,orig39
2026-09-10,mediodia,TAURINA,"0,25",dado,orig39
2026-09-10,mediodia,SOPA_MORO,,no_dado,orig39
2026-09-10,mediodia,MANZANA,20,dado,orig39
2026-09-10,mediodia,BONIATO,25,dado,orig39
2026-09-10,mediodia,CERDO,125,dado,orig39
2026-09-10,medianoche,PECHUGA,100,no_dado,orig39
2026-09-10,medianoche,MUSLO,25,no_dado,orig39
2026-09-10,medianoche,ZAPALLITO,25,no_dado,orig39
2026-09-10,medianoche,ARROZ,25,no_dado,orig39
2026-09-10,medianoche,CALCIVET,"0,5",dado,orig39
2026-09-10,medianoche,SOPA_MORO,,no_dado,orig39
2026-09-10,medianoche,MANZANA,20,dado,orig39
2026-09-10,medianoche,BONIATO,25,dado,orig39
2026-09-10,medianoche,CERDO,125,dado,orig39
2026-09-11,mediodia,PECHUGA,100,no_dado,orig39
2026-09-11,mediodia,MUSLO,25,no_dado,orig39
2026-09-11,mediodia,ZAPALLITO,25,no_dado,orig39
2026-09-11,mediodia,ARROZ,25,no_dado,orig39
2026-09-11,mediodia,JUREL,25,no_dado,orig39
2026-09-11,mediodia,CALCIVET,"0,5",dado,orig39
2026-09-11,mediodia,TAURINA,"0,25",dado,orig39
2026-09-11,mediodia,SOPA_MORO,,no_dado,orig39
2026-09-11,mediodia,MANZANA,20,dado,orig39
2026-09-11,mediodia,BONIATO,25,dado,orig39
2026-09-11,mediodia,CERDO,125,dado,orig39
2026-09-11,medianoche,PECHUGA,100,no_dado,orig39
2026-09-11,medianoche,MUSLO,25,no_dado,orig39
2026-09-11,medianoche,ZAPALLITO,25,no_dado,orig39
2026-09-11,medianoche,ARROZ,25,no_dado,orig39
2026-09-11,medianoche,CALCIVET,"0,5",dado,orig39
2026-09-11,medianoche,SOPA_MORO,,no_dado,orig39
2026-09-11,medianoche,MANZANA,20,dado,orig39
2026-09-11,medianoche,BONIATO,25,dado,orig39
2026-09-11,medianoche,CERDO,125,dado,orig39
2026-09-12,mediodia,PECHUGA,100,no_dado,orig39
2026-09-12,mediodia,MUSLO,25,no_dado,orig39
2026-09-12,mediodia,ZAPALLITO,25,no_dado,orig39
2026-09-12,mediodia,ARROZ,25,no_dado,orig39
2026-09-12,mediodia,JUREL,25,no_dado,orig39
2026-09-12,mediodia,CALCIVET,"0,5",dado,orig39
2026-09-12,mediodia,TAURINA,"0,25",dado,orig39
2026-09-12,mediodia,SOPA_MORO,,no_dado,orig39
2026-09-12,mediodia,MANZANA,20,dado,orig39
2026-09-12,mediodia,BONIATO,25,dado,orig39
2026-09-12,mediodia,CERDO,125,dado,orig39
2026-09-12,medianoche,PECHUGA,100,no_dado,orig39
2026-09-12,medianoche,MUSLO,25,no_dado,orig39
2026-09-12,medianoche,ZAPALLITO,25,no_dado,orig39
2026-09-12,medianoche,ARROZ,25,no_dado,orig39
2026-09-12,medianoche,CALCIVET,"0,5",dado,orig39
2026-09-12,medianoche,SOPA_MORO,,no_dado,orig39
2026-09-12,medianoche,MANZANA,20,dado,orig39
2026-09-12,medianoche,BONIATO,25,dado,orig39
2026-09-12,medianoche,CERDO,125,dado,orig39
2026-09-13,mediodia,PECHUGA,100,no_dado,orig39
2026-09-13,mediodia,MUSLO,25,no_dado,orig39
2026-09-13,mediodia,ZAPALLITO,25,no_dado,orig39
2026-09-13,mediodia,ARROZ,25,no_dado,orig39
2026-09-13,mediodia,JUREL,25,no_dado,orig39
2026-09-13,mediodia,CALCIVET,"0,5",dado,orig39
2026-09-13,mediodia,TAURINA,"0,25",dado,orig39
2026-09-13,mediodia,SOPA_MORO,,no_dado,orig39
2026-09-13,mediodia,MANZANA,20,dado,orig39
2026-09-13,mediodia,BONIATO,25,dado,orig39
2026-09-13,mediodia,CERDO,125,dado,orig39
2026-09-13,medianoche,PECHUGA,100,no_dado,orig39
2026-09-13,medianoche,MUSLO,25,no_dado,orig39
2026-09-13,medianoche,ZAPALLITO,25,no_dado,orig39
2026-09-13,medianoche,ARROZ,25,no_dado,orig39
2026-09-13,medianoche,CALCIVET,"0,5",dado,orig39
2026-09-13,medianoche,SOPA_MORO,,no_dado,orig39
2026-09-13,medianoche,MANZANA,20,dado,orig39
2026-09-13,medianoche,BONIATO,25,dado,orig39
2026-09-13,medianoche,CERDO,125,dado,orig39
2026-09-14,mediodia,PECHUGA,100,no_dado,usuario
2026-09-14,mediodia,MUSLO,25,no_dado,usuario
2026-09-14,mediodia,ZAPALLITO,25,no_dado,usuario
2026-09-14,mediodia,ARROZ,25,no_dado,usuario
2026-09-14,mediodia,JUREL,25,no_dado,usuario
2026-09-14,mediodia,CALCIVET,"0,5",dado,usuario
2026-09-14,mediodia,TAURINA,"0,25",dado,usuario
2026-09-14,mediodia,SOPA_MORO,,no_dado,usuario
2026-09-14,mediodia,MANZANA,20,dado,usuario
2026-09-14,mediodia,BONIATO,25,dado,usuario
2026-09-14,mediodia,CERDO,125,dado,usuario
2026-09-14,medianoche,PECHUGA,100,no_dado,usuario
2026-09-14,medianoche,MUSLO,25,no_dado,usuario
2026-09-14,medianoche,ZAPALLITO,25,no_dado,usuario
2026-09-14,medianoche,ARROZ,25,no_dado,usuario
2026-09-14,medianoche,CALCIVET,"0,5",dado,usuario
2026-09-14,medianoche,SOPA_MORO,,no_dado,usuario
2026-09-14,medianoche,MANZANA,20,dado,usuario
2026-09-14,medianoche,BONIATO,25,dado,usuario
2026-09-14,medianoche,CERDO,125,dado,usuario
2026-09-15,mediodia,PECHUGA,100,no_dado,usuario
2026-09-15,mediodia,MUSLO,25,no_dado,usuario
2026-09-15,mediodia,ZAPALLITO,25,no_dado,usuario
2026-09-15,mediodia,ARROZ,25,no_dado,usuario
2026-09-15,mediodia,JUREL,25,no_dado,usuario
2026-09-15,mediodia,CALCIVET,"0,5",dado,usuario
2026-09-15,mediodia,TAURINA,"0,25",dado,usuario
2026-09-15,mediodia,SOPA_MORO,,no_dado,usuario
2026-09-15,mediodia,MANZANA,20,dado,usuario
2026-09-15,mediodia,BONIATO,25,dado,usuario
2026-09-15,mediodia,CERDO,125,dado,usuario
2026-09-15,medianoche,PECHUGA,100,no_dado,usuario
2026-09-15,medianoche,MUSLO,25,no_dado,usuario
2026-09-15,medianoche,ZAPALLITO,25,no_dado,usuario
2026-09-15,medianoche,ARROZ,25,no_dado,usuario
2026-09-15,medianoche,CALCIVET,"0,5",dado,usuario
2026-09-15,medianoche,SOPA_MORO,,no_dado,usuario
2026-09-15,medianoche,MANZANA,20,dado,usuario
2026-09-15,medianoche,BONIATO,25,dado,usuario
2026-09-15,medianoche,CERDO,125,dado,usuario
2026-09-16,mediodia,PECHUGA,100,no_dado,usuario
2026-09-16,mediodia,MUSLO,25,no_dado,usuario
2026-09-16,mediodia,ZAPALLITO,25,no_dado,usuario
2026-09-16,mediodia,ARROZ,25,no_dado,usuario
2026-09-16,mediodia,JUREL,25,no_dado,usuario
2026-09-16,mediodia,CALCIVET,"0,5",dado,usuario
2026-09-16,mediodia,TAURINA,"0,25",dado,usuario
2026-09-16,mediodia,SOPA_MORO,,no_dado,usuario
2026-09-16,mediodia,MANZANA,20,dado,usuario
2026-09-16,mediodia,BONIATO,25,dado,usuario
2026-09-16,mediodia,CERDO,125,dado,usuario
2026-09-16,medianoche,PECHUGA,100,no_dado,usuario
2026-09-16,medianoche,MUSLO,25,no_dado,usuario
2026-09-16,medianoche,ZAPALLITO,25,no_dado,usuario
2026-09-16,medianoche,ARROZ,25,no_dado,usuario
2026-09-16,medianoche,CALCIVET,"0,5",dado,usuario
2026-09-16,medianoche,SOPA_MORO,,no_dado,usuario
2026-09-16,medianoche,MANZANA,20,dado,usuario
2026-09-16,medianoche,BONIATO,25,dado,usuario
2026-09-16,medianoche,CERDO,125,dado,usuario
2026-09-17,mediodia,PECHUGA,100,no_dado,usuario
2026-09-17,mediodia,MUSLO,25,no_dado,usuario
2026-09-17,mediodia,ZAPALLITO,25,no_dado,usuario
2026-09-17,mediodia,ARROZ,25,no_dado,usuario
2026-09-17,mediodia,JUREL,25,no_dado,usuario
2026-09-17,mediodia,CALCIVET,"0,5",dado,usuario
2026-09-17,mediodia,TAURINA,"0,25",dado,usuario
2026-09-17,mediodia,SOPA_MORO,,no_dado,usuario
2026-09-17,mediodia,MANZANA,20,dado,usuario
2026-09-17,mediodia,BONIATO,25,dado,usuario
2026-09-17,mediodia,CERDO,125,dado,usuario
2026-09-17,medianoche,PECHUGA,100,no_dado,usuario
2026-09-17,medianoche,MUSLO,25,no_dado,usuario
2026-09-17,medianoche,ZAPALLITO,25,no_dado,usuario
2026-09-17,medianoche,ARROZ,25,no_dado,usuario
2026-09-17,medianoche,CALCIVET,"0,5",dado,usuario
2026-09-17,medianoche,SOPA_MORO,,no_dado,usuario
2026-09-17,medianoche,MANZANA,20,dado,usuario
2026-09-17,medianoche,BONIATO,25,dado,usuario
2026-09-17,medianoche,CERDO,125,dado,usuario
2026-09-18,mediodia,PECHUGA,100,no_dado,usuario
2026-09-18,mediodia,MUSLO,25,no_dado,usuario
2026-09-18,mediodia,ZAPALLITO,25,no_dado,usuario
2026-09-18,mediodia,ARROZ,25,no_dado,usuario
2026-09-18,mediodia,JUREL,25,no_dado,usuario
2026-09-18,mediodia,CALCIVET,"0,5",dado,usuario
2026-09-18,mediodia,TAURINA,"0,25",dado,usuario
2026-09-18,mediodia,SOPA_MORO,,no_dado,usuario
2026-09-18,mediodia,MANZANA,20,dado,usuario
2026-09-18,mediodia,BONIATO,25,dado,usuario
2026-09-18,mediodia,CERDO,125,dado,usuario
2026-09-18,medianoche,PECHUGA,100,no_dado,usuario
2026-09-18,medianoche,MUSLO,25,no_dado,usuario
2026-09-18,medianoche,ZAPALLITO,25,no_dado,usuario
2026-09-18,medianoche,ARROZ,25,no_dado,usuario
2026-09-18,medianoche,CALCIVET,"0,5",dado,usuario
2026-09-18,medianoche,SOPA_MORO,,no_dado,usuario
2026-09-18,medianoche,MANZANA,20,dado,usuario
2026-09-18,medianoche,BONIATO,25,dado,usuario
2026-09-18,medianoche,CERDO,125,dado,usuario
2026-09-19,mediodia,PECHUGA,100,no_dado,usuario
2026-09-19,mediodia,MUSLO,25,no_dado,usuario
2026-09-19,mediodia,ZAPALLITO,25,no_dado,usuario
2026-09-19,mediodia,ARROZ,25,no_dado,usuario
2026-09-19,mediodia,JUREL,25,no_dado,usuario
2026-09-19,mediodia,CALCIVET,"0,5",dado,usuario
2026-09-19,mediodia,TAURINA,"0,25",dado,usuario
2026-09-19,mediodia,SOPA_MORO,,no_dado,usuario
2026-09-19,mediodia,MANZANA,20,dado,usuario
2026-09-19,mediodia,BONIATO,25,dado,usuario
2026-09-19,mediodia,CERDO,125,dado,usuario
2026-09-19,medianoche,PECHUGA,100,no_dado,usuario
2026-09-19,medianoche,MUSLO,25,no_dado,usuario
2026-09-19,medianoche,ZAPALLITO,25,no_dado,usuario
2026-09-19,medianoche,ARROZ,25,no_dado,usuario
2026-09-19,medianoche,CALCIVET,"0,5",dado,usuario
2026-09-19,medianoche,SOPA_MORO,,no_dado,usuario
2026-09-19,medianoche,MANZANA,20,dado,usuario
2026-09-19,medianoche,BONIATO,25,dado,usuario
2026-09-19,medianoche,CERDO,125,dado,usuario
